{"count":1,"self":489.72656639999997,"total":492.1305921,"children":{"InitializeActuators":{"count":6,"self":0.0015949999999999998,"total":0.0015949999999999998,"children":null},"InitializeSensors":{"count":6,"self":0.0016143,"total":0.0016143,"children":null},"AgentSendState":{"count":24011,"self":0.4205161,"total":0.4660718,"children":{"CollectObservations":{"count":7542,"self":0.015212499999999999,"total":0.015212499999999999,"children":null},"WriteActionMask":{"count":7542,"self":0.0064307999999999995,"total":0.0064307999999999995,"children":null},"RequestDecision":{"count":7542,"self":0.0239124,"total":0.0239124,"children":null}}},"DecideAction":{"count":24011,"self":1.4209473,"total":1.4620655999999999,"children":{"RayPerceptionSensor.Perceive":{"count":45252,"self":0.041118299999999997,"total":0.041118299999999997,"children":null}}},"AgentAct":{"count":24011,"self":0.4721663,"total":0.4721663,"children":null}},"gauges":{"DriverAgent.CumulativeReward":{"count":20,"max":86.22835,"min":-3.79847574,"runningAverage":18.5737438,"value":3.75539374,"weightedAverage":12.1127481}},"metadata":{"timer_format_version":"0.1.0","start_time_seconds":"1716566647","unity_version":"2022.3.10f1","command_line_arguments":"C:\\Program Files\\Unity\\Hub\\Editor\\2022.3.10f1\\Editor\\Unity.exe -projectpath C:\\Users\\Kerod\\Unity Projects\\SelfDriver -useHub -hubIPC -cloudEnvironment production -licensingIpc LicenseClient-Kerod -hubSessionId b125c097-f104-4e65-8d2f-1474ee085f38 -accessToken Mc7RuRNIVFIxcYATN1YI3MMJimv3rAgHDW7DWDISuaw00af","communication_protocol_version":"1.5.0","com.unity.ml-agents_version":"2.0.1","scene_name":"SampleScene","end_time_seconds":"1716567139"}}